{
    "config" : {
        "size" : {
            "x" : 100,
            "y" : 100,
            "z" : 100
        }
    },
    "parameter" : {
        "general" : {
            "pi" : 3.1415926535,
            "c" : 2.9999065e+8
        }
    }
}